"1287724118637510657","RT @mchooyah: To beat Antifa, meet force with force at its origin... send men."
"1287724118540984325","RT @prodby8mc: A major label just purchased a beat off of my youtube for $2,400.

The beat has 78 views and 3 likes.

Producers - stop overthinking shit and put your content out there."
"1287724117601460224","@yorkcitytom @kentwix12 @jhendy_10 @adustlandriot Your boys beat Boreham Wood didn’t they?"
"1287724117341372416","Hello, This is my very first metagame monday, where I take apart a very standard team and explain its sets, OTHER METAGAME MATCHUPS and HOW TO BEAT IT. Since Im covering standard sun today, Im also explaining my players cup team. Ill play the team after :D https://t.co/6gpSpItPHx"
"1287724113709207552","RT @theh3podcast: Someone beat us to it. https://t.co/zGrsEzm9yO"
"1287724113130397700","RT @StevenBeschloss: He can gas peaceful protestors. He can employ his nasty goons to beat up our fellow citizens. He can accelerate the COVID death toll by refusing to implement an adequate testing system. He can act like the despot he dreamed to be. But none of his hateful acts will save him."
"1287724112450916357","Pull up and get beat up!"
"1287724110576058369","RT @prodby8mc: A major label just purchased a beat off of my youtube for $2,400.

The beat has 78 views and 3 likes.

Producers - stop overthinking shit and put your content out there."
"1287724108143263744","RT @stevekerrigan: RT if you want to beat Trump in 100 days!  
#ResistanceTaskForce"
"1287724106927026177","RT @turningaphrase: @AP_Politics The people who think you beat babies to break their spirit, electrocute children they suspect are gay, force little girls to marry their rapists and support domestic abusers? 

I don't listen to anyone with those values. 

#ExposeChristianDiscipline #churchtoo"
"1287724106872315904","RT @prodby8mc: A major label just purchased a beat off of my youtube for $2,400.

The beat has 78 views and 3 likes.

Producers - stop overthinking shit and put your content out there."
"1287724106583093250","@TrumpWarRoom @realDonaldTrump Fear, misinformation, LIES. These are the tools the impeached POTUS is using to frighten us into voting for him. Due to Trump’s lethal incompetence, 146,000 Americans have died from #COVID19. Meanwhile DJT golfs and sends #TrumpsSecretPolice to beat &amp; detain citizens. #Biden2020"
"1287724100530601985","RT @kennagq: Lol you guys better beat le goon in the final because life go tire you."
"1287724100522303489","RT @prodby8mc: A major label just purchased a beat off of my youtube for $2,400.

The beat has 78 views and 3 likes.

Producers - stop overthinking shit and put your content out there."
"1287724097879891968","@Thunesjr @CFCBlues_com Willian always finds his way to stay in the first 11.. You can't beat that guy 😂"
"1287724096634200064","RT @teddspotting: If you can’t beat them, China, at least stand beside your country and your countrymen. #KamotUlo"
"1287724093173899266","@BigFatLucha Oh... What if someone beat you to it?"
"1287724092553146368","RT @ElToroSouthsea: HAPPY MONDAY!! MOUTHWATERING BURGERS 🍔🍔🍔 BEAT THE CLOCK Monday!! Get into El Toro before 7PM today &amp; take advantage of our 50% off Burger’s &amp; Ribs offer. 🤤 Call 02392343335 to book the perfect meal. 🥩🇦🇷
#ElToro #Ribs #Beattheclock #Juicy #Drinks #Southsea #Portsmouth https://t.co/ZktkeYfGBe"
"1287724090376192001","RT @prodby8mc: A major label just purchased a beat off of my youtube for $2,400.

The beat has 78 views and 3 likes.

Producers - stop overthinking shit and put your content out there."
"1287724088824401920","RT @prodby8mc: A major label just purchased a beat off of my youtube for $2,400.

The beat has 78 views and 3 likes.

Producers - stop overthinking shit and put your content out there."
"1287724084248412161","RT @paulkrugman: A couple of months ago, before the great reopening disaster, I did several interviews in which I was asked about the tradeoff between the economy and fighting the pandemic. I answered that there was no tradeoff; you can't recover until you beat the virus. 1/"
"1287724083531005955","RT @___hash___: 14-1 BEAT DOWN. DANSBY PISSER. ALBIES PISSER. RILEY MOONSHOT. HELD THE METS TO 5 RUNS ALL WEEKEND AND TOOK 2 OUT OF 3 LETS GOOOOOOOOOOO https://t.co/aWtq97bwbR"
"1287724081673113601","RT @mtracey: Shots fired at the Portland protest zone. According to witnesses, eight or nine “juveniles” beat the shit out of this guy during some sort of altercation, then chased him several blocks. He fired at least one shot and his gun is now missing, according to cop https://t.co/LsxmoYskTM"
"1287724079454142465","RT @prodby8mc: A major label just purchased a beat off of my youtube for $2,400.

The beat has 78 views and 3 likes.

Producers - stop overthinking shit and put your content out there."
"1287724078556561408","RT @cd_hooks: ""Armed supporters of Congressman Louie Gohmert (R-Tyler) brutally beat and assaulted Ryan Miller, the campaign manager for Gohmert's opponent, Hank Gilbert."" https://t.co/xMkGMAA4VJ"
"1287724076082040832","@ElijahJMears @Saab9_3TurboX imo the most physical power is delaney and booker but you can’t beat the sheer killer instinct of klob"
"1287724075419344896","RT @UmberBeee: #GamingConfession Almost 80% of the games I buy nowadays I never beat, but I'll grind on games with no ending, like TF2, Minecraft, or The Sims 4. (Screenshots being of my Minecraft Island from the very start of my Realms server, to most recent Screenshot) https://t.co/4xZD4ijIKr"
"1287724075155099648","RT @prodby8mc: A major label just purchased a beat off of my youtube for $2,400.

The beat has 78 views and 3 likes.

Producers - stop overthinking shit and put your content out there."
"1287724074072969216","@jebba67 Ha ha ha! I'm doing fantastic 😊 got an early start to beat the heat. Well, it's an attempt lol. How are you? https://t.co/IcXfTnpD8g"
"1287724073884295170","RT @Charalanahzard: Probably one of the best messages I’ve ever received. 
My dad beat cancer 🤍. https://t.co/OG8T1cyWyr"
"1287724068251111424","RT @MattWalshBlog: The actual position of the Left is that if an angry mob swarms your car, your legal and moral responsibility is to do as they say and hope they don't pull you out and beat you senseless. If you do anything but obey, you are a dangerous terrorist. This is their position."
"1287724066510721025","RT @570NEWS: Police want to know if you recognize these individuals https://t.co/IVkAddpKYu https://t.co/ANWQAZqsKO"
"1287724066091261952","RT @AFCAMDEN: Henry didn’t even know the assist record was a thing and still bagged it, as well as scoring 24 goals. KDB was chasing the record relentlessly for 9 months and still couldn’t beat it https://t.co/hcZ7YONC8C"
"1287724063838830592","RT @prodby8mc: A major label just purchased a beat off of my youtube for $2,400.

The beat has 78 views and 3 likes.

Producers - stop overthinking shit and put your content out there."
"1287724062878232576","RT @seulreneutt: the way irene is always on beat https://t.co/GriarfSVSZ"
"1287724061376819205","RT @prodby8mc: A major label just purchased a beat off of my youtube for $2,400.

The beat has 78 views and 3 likes.

Producers - stop overthinking shit and put your content out there."
"1287724061062238208","RT @prodby8mc: A major label just purchased a beat off of my youtube for $2,400.

The beat has 78 views and 3 likes.

Producers - stop overthinking shit and put your content out there."
"1287724060143767555","RT @AnfieldEdition: Liverpool beat every single team in the Premier League this season.

Top for a reason 👊"
"1287724058851913728","RT @DemocracyInn: 🔥🔥NEW🔥🔥

Trump loves Dictators.

He Wants To Be A Dictator.

He Sent his goons to Portland &amp; Other cities to beat &amp; gas Peacefull protestors Like Dictators do.

He Called Veterans &amp; Moms Anarchist.

Vote His Ass Out 

Retweet Please 

#DicatorTrump 
 https://t.co/0yNJWpBCyQ"
"1287724057203339264","#NorfolkDay You're hard to beat 💛💚 https://t.co/BU3OGy3Qj8"
"1287724056490520576","RT @prodby8mc: A major label just purchased a beat off of my youtube for $2,400.

The beat has 78 views and 3 likes.

Producers - stop overthinking shit and put your content out there."
"1287724054481383425","will you beat me again?"
"1287724052556263425","RT @prodby8mc: A major label just purchased a beat off of my youtube for $2,400.

The beat has 78 views and 3 likes.

Producers - stop overthinking shit and put your content out there."
"1287724051721367555","RT @AWAMMalaysia: Wife beating is a crime and systemic abuse. It is a societal problem which isnt going to solved by praying 4the families involved/wishing them well. Toxic masculinity is perpetuated when  2 boys watch their dad beat their mom &amp; she pays for his bail #AWAMsays https://t.co/ZX3PHWpMxq"
"1287724051226660865","Catch a beat running like Randy Moss. 3 impeccable verses.  https://t.co/ANAE6mBXCB"
"1287724050748497920","The Pelicans could easily beat the Bucks in a 7-game series"
"1287724050060439552","RT @burst_snow: Snow Man「D.D. / Crazy F-R-E-S-H Beat / Snow World」1/22発売"
"1287724048823222272","RT @JungleOfTheWild: I don't know who to trust anymore. This tournament is for me, and me only. I will do /anything/ to get my destiny.

If that means I have to beat my ""friends"" up, then so be it. https://t.co/xQ6z37O45R"
"1287724048391327746","RT @prodby8mc: A major label just purchased a beat off of my youtube for $2,400.

The beat has 78 views and 3 likes.

Producers - stop overthinking shit and put your content out there."
"1287724043974725632","Jacob whispered softly. “We’ll put that SOB in his place I swear to that. Hell if I had the chance I’d beat him to a pulp with my bare hands!”

“I don’t want to discuss him anymore tonight. Just hold me.” Daniella pleaded. Jacob did so gladly."